scenario,year,nopat,depreciation,capex,change_in_nwc,annual_fcff,cash_flow_for_dcf,discount_exponent,discount_factor,pv_fcff
Downside,2026.000000,1177900.770816,241175.424000,771761.356800,298.118700,647016.719316,148902.477870,0.230137,0.952460,141823.643049
Downside,2027.000000,1203368.895564,260469.457900,781408.373800,5402.329500,677027.650164,677027.650164,1.230137,0.770780,521839.615655
Downside,2028.000000,1239126.142782,276097.625400,773073.351100,4375.886900,737774.530182,737774.530182,2.230137,0.623756,460191.111045
Downside,2029.000000,1262815.319040,289902.506700,753746.517300,3865.366800,795105.941640,795105.941640,3.230137,0.504776,401350.209463
Downside,2030.000000,1273530.115704,301498.606900,723596.656600,3246.908100,848185.157904,848185.157904,4.230137,0.408491,346475.947749
Base,2026.000000,1398472.922880,258402.240000,723526.272000,5121.627200,928227.263680,213619.425066,0.230137,0.952460,203463.941784
Base,2027.000000,1547188.580058,289410.508800,752467.322900,8682.315300,1075449.450658,1075449.450658,1.230137,0.770780,828935.314313
Base,2028.000000,1680896.235084,318351.559700,764043.743200,8103.494200,1227100.557384,1227100.557384,2.230137,0.623756,765411.037879
Base,2029.000000,1792675.834752,343819.684500,756403.305800,7131.074900,1372961.138552,1372961.138552,3.230137,0.504776,693037.508192
Base,2030.000000,1893882.597090,367887.062400,735774.124700,6738.865800,1519256.668990,1519256.668990,4.230137,0.408491,620602.576402
Upside,2026.000000,1538544.163776,267015.648000,747643.814400,7533.381400,1050382.615976,241731.889704,0.230137,0.952460,230239.937772
Upside,2027.000000,1784711.229948,309738.151700,805319.194400,11962.301000,1277167.886248,1277167.886248,1.230137,0.770780,984415.922636
Upside,2028.000000,2010913.002166,353101.492900,847443.583000,12141.735500,1504429.176566,1504429.176566,2.230137,0.623756,938396.360853
Upside,2029.000000,2252222.562442,395473.672100,870042.078500,11864.210200,1765789.945842,1765789.945842,3.230137,0.504776,891327.969666
Upside,2030.000000,2448298.409033,435021.039300,870042.078500,11073.262800,2002204.107033,2002204.107033,4.230137,0.408491,817882.226664
