terminal_growth,wacc,model_value_per_share
0.020000,0.195709,455.737937
0.020000,0.215709,407.281781
0.020000,0.235709,367.953357
0.020000,0.255709,335.420253
0.020000,0.275709,308.080475
0.030000,0.195709,473.223589
0.030000,0.215709,420.559016
0.030000,0.235709,378.270015
0.030000,0.255709,343.590070
0.030000,0.275709,314.654070
0.040000,0.195709,492.955186
0.040000,0.215709,435.347530
0.040000,0.235709,389.640961
0.040000,0.255709,352.517373
0.040000,0.275709,321.785439
0.050000,0.195709,515.395148
0.050000,0.215709,451.920925
0.050000,0.235709,402.236507
0.050000,0.255709,362.312632
0.050000,0.275709,329.548716
0.060000,0.195709,541.142190
0.060000,0.215709,470.623091
0.060000,0.235709,416.265739
0.060000,0.255709,373.108896
0.060000,0.275709,338.031787
