scenario,year,revenue_growth,operating_margin,depreciation_pct_revenue,cash_capex_pct_revenue,tax_rate,interest_rate_on_debt,dividend_payout,debt_change_ngn_m,inventory_pct_revenue,receivables_pct_revenue,prepayments_pct_revenue,payables_pct_revenue,other_current_liabilities_pct_revenue
Downside,2026,0.12,0.37,0.05,0.16,0.34,0.18,0.45,0,0.175,0.034,0.154,0.295,0.054
Downside,2027,0.08,0.35,0.05,0.15,0.34,0.18,0.45,0,0.175,0.034,0.154,0.295,0.054
Downside,2028,0.06,0.34,0.05,0.14,0.34,0.18,0.45,0,0.175,0.034,0.154,0.295,0.054
Downside,2029,0.05,0.33,0.05,0.13,0.34,0.18,0.45,0,0.175,0.034,0.154,0.295,0.054
Downside,2030,0.04,0.32,0.05,0.12,0.34,0.18,0.45,0,0.175,0.034,0.154,0.295,0.054
Base,2026,0.2,0.41,0.05,0.14,0.34,0.13,0.5,0,0.175,0.034,0.154,0.295,0.054
Base,2027,0.12,0.405,0.05,0.13,0.34,0.13,0.5,0,0.175,0.034,0.154,0.295,0.054
Base,2028,0.1,0.4,0.05,0.12,0.34,0.13,0.5,0,0.175,0.034,0.154,0.295,0.054
Base,2029,0.08,0.395,0.05,0.11,0.34,0.13,0.5,0,0.175,0.034,0.154,0.295,0.054
Base,2030,0.07,0.39,0.05,0.1,0.34,0.13,0.5,0,0.175,0.034,0.154,0.295,0.054
Upside,2026,0.24,0.43,0.05,0.14,0.33,0.11,0.5,0,0.175,0.034,0.154,0.295,0.054
Upside,2027,0.16,0.43,0.05,0.13,0.33,0.11,0.5,0,0.175,0.034,0.154,0.295,0.054
Upside,2028,0.14,0.425,0.05,0.12,0.33,0.11,0.5,0,0.175,0.034,0.154,0.295,0.054
Upside,2029,0.12,0.425,0.05,0.11,0.33,0.11,0.5,0,0.175,0.034,0.154,0.295,0.054
Upside,2030,0.1,0.42,0.05,0.1,0.33,0.11,0.5,0,0.175,0.034,0.154,0.295,0.054
