metric,FY2024,FY2025
Profit before tax,732537,1532660
Depreciation and amortisation,228959,215026
Write-offs and impairments,1015,831
Interest expenses,448081,346196
Interest and dividend income,-168572,-82144
Net exchange loss or gain,85125,-13464
Net monetary gain,-109404,-6452
Share of associate income,-2818,-2493
Deferred revenue adjustment,-142,-41
Provisions,9392,25496
Employee benefits provisions,4409,4510
Gain on disposals,-13031,-627
Cash before working capital,1215551,2019498
Change in inventories,-275135,-88406
Change in receivables,-46762,-109043
Change in payables,372322,-57585
Change in prepayments,-231094,1460
Change in other current liabilities,-46865,87794
Change in lease receivables,7625,16628
Cash generated before tax,995642,1870346
Income tax paid,-174458,-159584
Net operating cash flow,821184,1710762
Interest received,128474,77515
Dividend income received,2420,2276
Intangible asset purchases,-305,-298
Net parent company loans,-544736,1037232
Asset disposal proceeds,2413,1057
Cash purchase of PPE,-423149,-497428
Net investing cash flow,-834883,620354
Interest paid,-341670,-397637
Principal lease payments,-4398,-5321
Dividends paid,-502580,-502942
Loans obtained,1817924,1097834
Loans repaid,-1280819,-2268500
Net financing cash flow,-311543,-2076566
Change in cash,-325242,254550
Cash at beginning of year,432151,131716
FX effect on cash,24807,-23680
Cash at end of year (cash flow),131716,362586
Cash at end of year (balance sheet),449831,397569
Bank overdrafts for cash management,-318115,-34983
PPE additions (non-cash-inclusive memo),-413777,-861089
Change in non-current prepayments (memo),-9268,19611
Suppliers credit unpaid (memo),-104,344050
