metric,FY2023,FY2024,FY2025
Revenue,2208090,3580550,4306704
Production cost of sales,-1006278,-1645651,-1634430
Gross profit,1201812,1934899,2672274
Administrative expenses,-126533,-220537,-261761
Selling and distribution expenses,-365105,-618664,-682763
Other income,24953,57070,42251
Impairment of financial assets,-860,-726,-4724
Operating profit,734267,1152042,1765277
Finance income,27405,168572,109942
Finance costs,-310962,-700299,-351504
Net monetary position gain,101163,109404,6452
Share of profit from associate,1231,2818,2493
Profit before tax,553104,732537,1532660
Income tax expense,-97521,-229290,-517739
Profit after tax,455583,503247,1014921
Earnings per share (NGN),26.47,29.74,59.86
