Year,Scenario,NOPATNGNm,DandANGNm,CapexNGNm,ChangeNWCNGNm,FCFFNGNm,PVFCFFNGNm,DiscountExponent
2026,Downside,1177900.770816,241175.424,771761.3568,298.1187,647016.719316,141823.643049,0.230137
2027,Downside,1203368.895564,260469.4579,781408.3738,5402.3295,677027.650164,521839.615655,1.230137
2028,Downside,1239126.142782,276097.6254,773073.3511,4375.8869,737774.530182,460191.111045,2.230137
2029,Downside,1262815.31904,289902.5067,753746.5173,3865.3668,795105.94164,401350.209463,3.230137
2030,Downside,1273530.115704,301498.6069,723596.6566,3246.9081,848185.157904,346475.947749,4.230137
2026,Base,1398472.92288,258402.24,723526.272,5121.6272,928227.26368,203463.941784,0.230137
2027,Base,1547188.580058,289410.5088,752467.3229,8682.3153,1075449.450658,828935.314313,1.230137
2028,Base,1680896.235084,318351.5597,764043.7432,8103.4942,1227100.557384,765411.037879,2.230137
2029,Base,1792675.834752,343819.6845,756403.3058,7131.0749,1372961.138552,693037.508192,3.230137
2030,Base,1893882.59709,367887.0624,735774.1247,6738.8658,1519256.66899,620602.576402,4.230137
2026,Upside,1538544.163776,267015.648,747643.8144,7533.3814,1050382.615976,230239.937772,0.230137
2027,Upside,1784711.229948,309738.1517,805319.1944,11962.301,1277167.886248,984415.922636,1.230137
2028,Upside,2010913.002166,353101.4929,847443.583,12141.7355,1504429.176566,938396.360853,2.230137
2029,Upside,2252222.562442,395473.6721,870042.0785,11864.2102,1765789.945842,891327.969666,3.230137
2030,Upside,2448298.409033,435021.0393,870042.0785,11073.2628,2002204.107033,817882.226664,4.230137
