WACC,TerminalGrowth,ValuePerShareNGN,Scenario,Status
0.195709,0.02,455.737937,Base,Illustrative DCF sensitivity
0.215709,0.02,407.281781,Base,Illustrative DCF sensitivity
0.235709,0.02,367.953357,Base,Illustrative DCF sensitivity
0.255709,0.02,335.420253,Base,Illustrative DCF sensitivity
0.275709,0.02,308.080475,Base,Illustrative DCF sensitivity
0.195709,0.03,473.223589,Base,Illustrative DCF sensitivity
0.215709,0.03,420.559016,Base,Illustrative DCF sensitivity
0.235709,0.03,378.270015,Base,Illustrative DCF sensitivity
0.255709,0.03,343.59007,Base,Illustrative DCF sensitivity
0.275709,0.03,314.65407,Base,Illustrative DCF sensitivity
0.195709,0.04,492.955186,Base,Illustrative DCF sensitivity
0.215709,0.04,435.34753,Base,Illustrative DCF sensitivity
0.235709,0.04,389.640961,Base,Illustrative DCF sensitivity
0.255709,0.04,352.517373,Base,Illustrative DCF sensitivity
0.275709,0.04,321.785439,Base,Illustrative DCF sensitivity
0.195709,0.05,515.395148,Base,Illustrative DCF sensitivity
0.215709,0.05,451.920925,Base,Illustrative DCF sensitivity
0.235709,0.05,402.236507,Base,Illustrative DCF sensitivity
0.255709,0.05,362.312632,Base,Illustrative DCF sensitivity
0.275709,0.05,329.548716,Base,Illustrative DCF sensitivity
0.195709,0.06,541.14219,Base,Illustrative DCF sensitivity
0.215709,0.06,470.623091,Base,Illustrative DCF sensitivity
0.235709,0.06,416.265739,Base,Illustrative DCF sensitivity
0.255709,0.06,373.108896,Base,Illustrative DCF sensitivity
0.275709,0.06,338.031787,Base,Illustrative DCF sensitivity
